<?xml version="1.0" encoding="UTF-8"?>
<project-private xmlns="http://www.netbeans.org/ns/project-private/1">
    <editor-bookmarks xmlns="http://www.netbeans.org/ns/editor-bookmarks/2" lastBookmarkId="0"/>
    <open-files xmlns="http://www.netbeans.org/ns/projectui-open-files/2">
        <group>
            <file>file:/C:/Users/user/Desktop/ANISEPTEMBER/6060465%20%20Programming%20in%20Java%202/Multithreaded-Bouncing-Balls-GUI-master/BouncingBalls/src/bouncingballs/Ball.java</file>
            <file>file:/C:/Users/user/Desktop/ANISEPTEMBER/6060465%20%20Programming%20in%20Java%202/Multithreaded-Bouncing-Balls-GUI-master/BouncingBalls/src/bouncingballs/BouncingBalls.java</file>
            <file>file:/C:/Users/user/Desktop/ANISEPTEMBER/6060465%20%20Programming%20in%20Java%202/Multithreaded-Bouncing-Balls-GUI-master/BouncingBalls/src/bouncingballs/Student_Sig_Block.java</file>
        </group>
    </open-files>
</project-private>
